passenger_id,first_name,last_name,passport_number,nationality
1,First1,Last1,P00000001,Country2
2,First2,Last2,P00000002,Country3
3,First3,Last3,P00000003,Country6
4,First4,Last4,P00000004,Country1
5,First5,Last5,P00000005,Country6
6,First6,Last6,P00000006,Country4
7,First7,Last7,P00000007,Country8
8,First8,Last8,P00000008,Country6
9,First9,Last9,P00000009,Country4
10,First10,Last10,P00000010,Country1
11,First11,Last11,P00000011,Country5
12,First12,Last12,P00000012,Country5
13,First13,Last13,P00000013,Country3
14,First14,Last14,P00000014,Country7
15,First15,Last15,P00000015,Country2
16,First16,Last16,P00000016,Country8
17,First17,Last17,P00000017,Country8
18,First18,Last18,P00000018,Country2
19,First19,Last19,P00000019,Country5
20,First20,Last20,P00000020,Country1
21,First21,Last21,P00000021,Country3
22,First22,Last22,P00000022,Country1
23,First23,Last23,P00000023,Country4
24,First24,Last24,P00000024,Country2
25,First25,Last25,P00000025,Country7
26,First26,Last26,P00000026,Country10
27,First27,Last27,P00000027,Country8
28,First28,Last28,P00000028,Country4
29,First29,Last29,P00000029,Country5
30,First30,Last30,P00000030,Country2
31,First31,Last31,P00000031,Country10
32,First32,Last32,P00000032,Country8
33,First33,Last33,P00000033,Country3
34,First34,Last34,P00000034,Country4
35,First35,Last35,P00000035,Country7
36,First36,Last36,P00000036,Country9
37,First37,Last37,P00000037,Country2
38,First38,Last38,P00000038,Country2
39,First39,Last39,P00000039,Country6
40,First40,Last40,P00000040,Country4
41,First41,Last41,P00000041,Country9
42,First42,Last42,P00000042,Country2
43,First43,Last43,P00000043,Country8
44,First44,Last44,P00000044,Country5
45,First45,Last45,P00000045,Country1
46,First46,Last46,P00000046,Country3
47,First47,Last47,P00000047,Country8
48,First48,Last48,P00000048,Country3
49,First49,Last49,P00000049,Country9
50,First50,Last50,P00000050,Country5
51,First51,Last51,P00000051,Country6
52,First52,Last52,P00000052,Country10
53,First53,Last53,P00000053,Country10
54,First54,Last54,P00000054,Country10
55,First55,Last55,P00000055,Country6
56,First56,Last56,P00000056,Country4
57,First57,Last57,P00000057,Country5
58,First58,Last58,P00000058,Country8
59,First59,Last59,P00000059,Country8
60,First60,Last60,P00000060,Country1
61,First61,Last61,P00000061,Country6
62,First62,Last62,P00000062,Country4
63,First63,Last63,P00000063,Country4
64,First64,Last64,P00000064,Country2
65,First65,Last65,P00000065,Country10
66,First66,Last66,P00000066,Country7
67,First67,Last67,P00000067,Country10
68,First68,Last68,P00000068,Country6
69,First69,Last69,P00000069,Country8
70,First70,Last70,P00000070,Country10
71,First71,Last71,P00000071,Country7
72,First72,Last72,P00000072,Country10
73,First73,Last73,P00000073,Country5
74,First74,Last74,P00000074,Country4
75,First75,Last75,P00000075,Country7
76,First76,Last76,P00000076,Country8
77,First77,Last77,P00000077,Country2
78,First78,Last78,P00000078,Country4
79,First79,Last79,P00000079,Country9
80,First80,Last80,P00000080,Country4
81,First81,Last81,P00000081,Country10
82,First82,Last82,P00000082,Country6
83,First83,Last83,P00000083,Country1
84,First84,Last84,P00000084,Country2
85,First85,Last85,P00000085,Country1
86,First86,Last86,P00000086,Country10
87,First87,Last87,P00000087,Country8
88,First88,Last88,P00000088,Country7
89,First89,Last89,P00000089,Country6
90,First90,Last90,P00000090,Country10
91,First91,Last91,P00000091,Country7
92,First92,Last92,P00000092,Country7
93,First93,Last93,P00000093,Country5
94,First94,Last94,P00000094,Country8
95,First95,Last95,P00000095,Country8
96,First96,Last96,P00000096,Country9
97,First97,Last97,P00000097,Country6
98,First98,Last98,P00000098,Country2
99,First99,Last99,P00000099,Country1
100,First100,Last100,P00000100,Country6
101,First101,Last101,P00000101,Country3
102,First102,Last102,P00000102,Country6
103,First103,Last103,P00000103,Country5
104,First104,Last104,P00000104,Country9
105,First105,Last105,P00000105,Country7
106,First106,Last106,P00000106,Country8
107,First107,Last107,P00000107,Country9
108,First108,Last108,P00000108,Country7
109,First109,Last109,P00000109,Country5
110,First110,Last110,P00000110,Country9
111,First111,Last111,P00000111,Country3
112,First112,Last112,P00000112,Country3
113,First113,Last113,P00000113,Country10
114,First114,Last114,P00000114,Country8
115,First115,Last115,P00000115,Country1
116,First116,Last116,P00000116,Country6
117,First117,Last117,P00000117,Country6
118,First118,Last118,P00000118,Country4
119,First119,Last119,P00000119,Country7
120,First120,Last120,P00000120,Country5
121,First121,Last121,P00000121,Country2
122,First122,Last122,P00000122,Country7
123,First123,Last123,P00000123,Country1
124,First124,Last124,P00000124,Country3
125,First125,Last125,P00000125,Country3
126,First126,Last126,P00000126,Country8
127,First127,Last127,P00000127,Country6
128,First128,Last128,P00000128,Country1
129,First129,Last129,P00000129,Country8
130,First130,Last130,P00000130,Country6
131,First131,Last131,P00000131,Country7
132,First132,Last132,P00000132,Country9
133,First133,Last133,P00000133,Country5
134,First134,Last134,P00000134,Country3
135,First135,Last135,P00000135,Country8
136,First136,Last136,P00000136,Country3
137,First137,Last137,P00000137,Country7
138,First138,Last138,P00000138,Country6
139,First139,Last139,P00000139,Country5
140,First140,Last140,P00000140,Country8
141,First141,Last141,P00000141,Country10
142,First142,Last142,P00000142,Country4
143,First143,Last143,P00000143,Country2
144,First144,Last144,P00000144,Country1
145,First145,Last145,P00000145,Country3
146,First146,Last146,P00000146,Country2
147,First147,Last147,P00000147,Country4
148,First148,Last148,P00000148,Country5
149,First149,Last149,P00000149,Country6
150,First150,Last150,P00000150,Country7
151,First151,Last151,P00000151,Country8
152,First152,Last152,P00000152,Country1
153,First153,Last153,P00000153,Country6
154,First154,Last154,P00000154,Country3
155,First155,Last155,P00000155,Country6
156,First156,Last156,P00000156,Country6
157,First157,Last157,P00000157,Country7
158,First158,Last158,P00000158,Country2
159,First159,Last159,P00000159,Country10
160,First160,Last160,P00000160,Country6
161,First161,Last161,P00000161,Country3
162,First162,Last162,P00000162,Country5
163,First163,Last163,P00000163,Country2
164,First164,Last164,P00000164,Country2
165,First165,Last165,P00000165,Country10
166,First166,Last166,P00000166,Country4
167,First167,Last167,P00000167,Country3
168,First168,Last168,P00000168,Country1
169,First169,Last169,P00000169,Country9
170,First170,Last170,P00000170,Country4
171,First171,Last171,P00000171,Country6
172,First172,Last172,P00000172,Country7
173,First173,Last173,P00000173,Country1
174,First174,Last174,P00000174,Country6
175,First175,Last175,P00000175,Country3
176,First176,Last176,P00000176,Country8
177,First177,Last177,P00000177,Country5
178,First178,Last178,P00000178,Country9
179,First179,Last179,P00000179,Country10
180,First180,Last180,P00000180,Country8
181,First181,Last181,P00000181,Country3
182,First182,Last182,P00000182,Country5
183,First183,Last183,P00000183,Country8
184,First184,Last184,P00000184,Country3
185,First185,Last185,P00000185,Country6
186,First186,Last186,P00000186,Country9
187,First187,Last187,P00000187,Country10
188,First188,Last188,P00000188,Country2
189,First189,Last189,P00000189,Country4
190,First190,Last190,P00000190,Country7
191,First191,Last191,P00000191,Country2
192,First192,Last192,P00000192,Country5
193,First193,Last193,P00000193,Country6
194,First194,Last194,P00000194,Country8
195,First195,Last195,P00000195,Country10
196,First196,Last196,P00000196,Country4
197,First197,Last197,P00000197,Country1
198,First198,Last198,P00000198,Country1
199,First199,Last199,P00000199,Country1
200,First200,Last200,P00000200,Country9
